[
  {
    "lat": 45.21668927243494,
    "lng": 5.8609602132772505,
    "name": "161 Rue des Deymes",
    "postCode": "38538",
    "city": "Le Versoud"
  },
  {
    "lat": 45.189131605752415,
    "lng": 5.708987743106689,
    "name": "6 Rue Amédée Morel",
    "postCode": "38185",
    "city": "Grenoble"
  },
  {
    "lat": 45.23303989755207,
    "lng": 5.828357035805542,
    "name": "757 Chemin des Semaises",
    "postCode": "38397",
    "city": "Saint-Ismier"
  },
  {
    "lat": 45.10499868772467,
    "lng": 5.666295888736665,
    "name": "700 Route du Château d'Allières",
    "postCode": "38524",
    "city": "Varces-Allières-et-Risset"
  },
  {
    "lat": 45.20180396285991,
    "lng": 5.750660566724336,
    "name": "7 Rue Georges Ferrieux",
    "postCode": "38516",
    "city": "La Tronche"
  },
  {
    "lat": 45.252278905602516,
    "lng": 5.823600869739787,
    "name": "135 Allée des Renoncules",
    "postCode": "38397",
    "city": "Saint-Ismier"
  },
  {
    "lat": 45.174026781654796,
    "lng": 5.696182005408097,
    "name": "4 Rue des Castors",
    "postCode": "38485",
    "city": "Seyssinet-Pariset"
  },
  {
    "lat": 45.14884031346668,
    "lng": 5.691628019682072,
    "name": "2 Impasse du Rocher",
    "postCode": "38151",
    "city": "Échirolles"
  },
  {
    "lat": 45.14380102123891,
    "lng": 5.738697363591543,
    "name": "117 Avenue de la République",
    "postCode": "38151",
    "city": "Échirolles"
  },
  {
    "lat": 45.142402551324594,
    "lng": 5.7917138539732225,
    "name": "256 Route de la Côte - Cd 112",
    "postCode": "38188",
    "city": "Herbeys"
  },
  {
    "lat": 45.187618874437085,
    "lng": 5.706259604141579,
    "name": "12 Rue Denis Papin",
    "postCode": "38185",
    "city": "Grenoble"
  },
  {
    "lat": 45.280315041154935,
    "lng": 5.640115241783222,
    "name": "370 Rue des Carteux",
    "postCode": "38565",
    "city": "Voreppe"
  },
  {
    "lat": 45.238637967963164,
    "lng": 5.634958215574333,
    "name": "518 Avenue Saint-Jean",
    "postCode": "38281",
    "city": "Noyarey"
  },
  {
    "lat": 45.14084408808619,
    "lng": 5.841666939454428,
    "name": "60 Chemin du Ruisseau",
    "postCode": "38422",
    "city": "Saint-Martin-d'Uriage"
  },
  {
    "lat": 45.2390368195759,
    "lng": 5.816745604532476,
    "name": "89 Chemin des Evequaux",
    "postCode": "38045",
    "city": "Biviers"
  },
  {
    "lat": 45.14275061186285,
    "lng": 5.794831560378606,
    "name": "219 Chemin Pre la Grange",
    "postCode": "38188",
    "city": "Herbeys"
  },
  {
    "lat": 45.17032102723982,
    "lng": 5.884450314152741,
    "name": "1560 Route d’’Uriage",
    "postCode": "38334",
    "city": "Revel"
  },
  {
    "lat": 45.22731713937478,
    "lng": 5.822933993800976,
    "name": "435 Chemin du Moulin",
    "postCode": "38249",
    "city": "Montbonnot-Saint-Martin"
  },
  {
    "lat": 45.17333712569907,
    "lng": 5.78807074874991,
    "name": "14 Chemin de la Piquette",
    "postCode": "38179",
    "city": "Gières"
  },
  {
    "lat": 45.26269541131999,
    "lng": 5.84217524613245,
    "name": "852 Route de Saint Pancrasse",
    "postCode": "38431",
    "city": "Saint-Nazaire-les-Eymes"
  },
  {
    "lat": 45.116613647977644,
    "lng": 5.876421205447918,
    "name": "Rue des Brokentins",
    "postCode": "38567",
    "city": "Chamrousse"
  },
  {
    "lat": 45.14299701748694,
    "lng": 5.827456350121019,
    "name": "142 Avenue des Thermes",
    "postCode": "38422",
    "city": "Saint-Martin-d'Uriage"
  },
  {
    "lat": 45.257015382940466,
    "lng": 5.84685030688236,
    "name": "85 Route de Saint Pancrasse",
    "postCode": "38431",
    "city": "Saint-Nazaire-les-Eymes"
  },
  {
    "lat": 45.20701756520023,
    "lng": 5.830997591051706,
    "name": "68bis Allée de la Fraternité",
    "postCode": "38150",
    "city": "Domène"
  },
  {
    "lat": 45.244359631542935,
    "lng": 5.634352367476295,
    "name": "179 Route de la Vanne",
    "postCode": "38281",
    "city": "Noyarey"
  },
  {
    "lat": 45.225849490944704,
    "lng": 5.879452471453851,
    "name": "470 Rue Lamartine",
    "postCode": "38538",
    "city": "Le Versoud"
  },
  {
    "lat": 45.205955006929386,
    "lng": 5.716551931473059,
    "name": "Le Mas d'Oris",
    "postCode": "38423",
    "city": "Saint-Martin-le-Vinoux"
  },
  {
    "lat": 45.19111211114125,
    "lng": 5.808479605630676,
    "name": "Chemin Chante Grenouille",
    "postCode": "38271",
    "city": "Murianette"
  },
  {
    "lat": 45.254393639354326,
    "lng": 5.666756940716016,
    "name": "10 Rue Bach",
    "postCode": "38170",
    "city": "Fontanil-Cornillon"
  },
  {
    "lat": 45.19708547341375,
    "lng": 5.7423230072217635,
    "name": "23 Chemin de Halage",
    "postCode": "38185",
    "city": "Grenoble"
  },
  {
    "lat": 45.27883646197909,
    "lng": 5.876258305218138,
    "name": "130 Rue Victor Hugo",
    "postCode": "38140",
    "city": "Crolles"
  },
  {
    "lat": 45.20573195214311,
    "lng": 5.872112170504148,
    "name": "260 Chemin du Mollard",
    "postCode": "38404",
    "city": "Saint-Jean-le-Vieux"
  },
  {
    "lat": 45.25540795120529,
    "lng": 5.841269316693572,
    "name": "Allée du Mémorial",
    "postCode": "38397",
    "city": "Saint-Ismier"
  },
  {
    "lat": 45.291868503130466,
    "lng": 5.895600314829721,
    "name": "421 Rue du Lac",
    "postCode": "38140",
    "city": "Crolles"
  },
  {
    "lat": 45.162895792409714,
    "lng": 5.76540219083161,
    "name": "6 Rue Camille Desmoulins",
    "postCode": "38421",
    "city": "Saint-Martin-d'Hères"
  },
  {
    "lat": 45.203071287239716,
    "lng": 5.628860211264048,
    "name": "318 Route de Laliarey",
    "postCode": "38153",
    "city": "Engins"
  },
  {
    "lat": 45.21734256767681,
    "lng": 5.86158606157172,
    "name": "192 Rue des Deymes",
    "postCode": "38538",
    "city": "Le Versoud"
  },
  {
    "lat": 45.103330344265665,
    "lng": 5.684832482481358,
    "name": "28 Route du Pavillon",
    "postCode": "38524",
    "city": "Varces-Allières-et-Risset"
  },
  {
    "lat": 45.21646910466513,
    "lng": 5.790949388375117,
    "name": "2a Chemin de Maupertuis",
    "postCode": "38229",
    "city": "Meylan"
  },
  {
    "lat": 45.168942211929995,
    "lng": 5.730322057115263,
    "name": "2 Avenue Marie Reynoard",
    "postCode": "38185",
    "city": "Grenoble"
  },
  {
    "lat": 45.24021737623918,
    "lng": 5.678408634455728,
    "name": "18 rue de l'Ancienne Brasserie",
    "postCode": "38382",
    "city": "Saint-Égrève"
  },
  {
    "lat": 45.17620802316247,
    "lng": 5.69322210789874,
    "name": "58 Rue de la Fauconnière",
    "postCode": "38485",
    "city": "Seyssinet-Pariset"
  },
  {
    "lat": 45.105098325809244,
    "lng": 5.6837648668108205,
    "name": "20 Route du Pavillon",
    "postCode": "38524",
    "city": "Varces-Allières-et-Risset"
  },
  {
    "lat": 45.25225971919126,
    "lng": 5.818596574506673,
    "name": "236 Chemin de la Bagode",
    "postCode": "38397",
    "city": "Saint-Ismier"
  },
  {
    "lat": 45.21379030850208,
    "lng": 5.661367641284623,
    "name": "3a Place Jean Prevost",
    "postCode": "38474",
    "city": "Sassenage"
  },
  {
    "lat": 45.22224128160276,
    "lng": 5.682272822336967,
    "name": "66 rue des moutonnees",
    "postCode": "38382",
    "city": "Saint-Égrève"
  },
  {
    "lat": 45.19337764515401,
    "lng": 5.665701779665186,
    "name": "1 Rue de la Poya",
    "postCode": "38169",
    "city": "Fontaine"
  },
  {
    "lat": 45.233629256329614,
    "lng": 5.680343313187701,
    "name": "60 lotissement domaine st hugues",
    "postCode": "38382",
    "city": "Saint-Égrève"
  },
  {
    "lat": 45.27928331126189,
    "lng": 5.87152419730318,
    "name": "122 Impasse Chico Mendes",
    "postCode": "38140",
    "city": "Crolles"
  },
  {
    "lat": 45.22702150338136,
    "lng": 5.689627808926495,
    "name": "42 rue du muret",
    "postCode": "38382",
    "city": "Saint-Égrève"
  },
  {
    "lat": 45.160653741961134,
    "lng": 5.683767255086546,
    "name": "3 Chemin de Montrigaud",
    "postCode": "38486",
    "city": "Seyssins"
  },
  {
    "lat": 45.13501406283837,
    "lng": 5.704720920505443,
    "name": "4 Avenue de l’Industrie",
    "postCode": "38317",
    "city": "Le Pont-de-Claix"
  },
  {
    "lat": 45.182597857509805,
    "lng": 5.742809513189789,
    "name": "11 Rue Nicolet",
    "postCode": "38185",
    "city": "Grenoble"
  },
  {
    "lat": 45.19737886297357,
    "lng": 5.773118046529038,
    "name": "1441 Rue de la Piscine",
    "postCode": "38179",
    "city": "Gières"
  },
  {
    "lat": 45.18895556033204,
    "lng": 5.789521237930201,
    "name": "51 Rue de l’Isère",
    "postCode": "38179",
    "city": "Gières"
  },
  {
    "lat": 45.21528796385703,
    "lng": 5.752456925118716,
    "name": "20 Chemin du Hameau du Goutey",
    "postCode": "38126",
    "city": "Corenc"
  },
  {
    "lat": 45.17723046427618,
    "lng": 5.712601011893296,
    "name": "28 Rue André Rivoire",
    "postCode": "38185",
    "city": "Grenoble"
  },
  {
    "lat": 45.13562250282644,
    "lng": 5.604513432278447,
    "name": "128 chemin des Ramées",
    "postCode": "38205",
    "city": "Lans-en-Vercors"
  },
  {
    "lat": 45.1464261341589,
    "lng": 5.761135446100535,
    "name": "3 Rue Olympe de Gouges",
    "postCode": "38158",
    "city": "Eybens"
  },
  {
    "lat": 45.15377062014112,
    "lng": 5.741688349985863,
    "name": "32 Rue des Grands Champs",
    "postCode": "38158",
    "city": "Eybens"
  },
  {
    "lat": 45.17371332951433,
    "lng": 5.773952662203943,
    "name": "50 Route des Maquis",
    "postCode": "38421",
    "city": "Saint-Martin-d'Hères"
  },
  {
    "lat": 45.166476944367275,
    "lng": 5.62874099051679,
    "name": "400 Route du Télécabine",
    "postCode": "38433",
    "city": "Saint-Nizier-du-Moucherotte"
  },
  {
    "lat": 45.177287191460415,
    "lng": 5.802076872123942,
    "name": "395 Chemin de Pisse Vieille",
    "postCode": "38533",
    "city": "Venon"
  },
  {
    "lat": 45.18168883035436,
    "lng": 5.818649244663371,
    "name": "1010 Chemin du Jappin",
    "postCode": "38271",
    "city": "Murianette"
  },
  {
    "lat": 45.224009196323316,
    "lng": 5.869788222027411,
    "name": "175 Rue de la Dent de Crolles",
    "postCode": "38538",
    "city": "Le Versoud"
  },
  {
    "lat": 45.22378447237677,
    "lng": 5.870722063988286,
    "name": "297 Route de Chambéry",
    "postCode": "38538",
    "city": "Le Versoud"
  },
  {
    "lat": 45.183324102903946,
    "lng": 5.798111072520093,
    "name": "8 Rue de la Fontaine",
    "postCode": "38179",
    "city": "Gières"
  },
  {
    "lat": 45.177197077460846,
    "lng": 5.868928667702257,
    "name": "Route du Rocharey",
    "postCode": "38422",
    "city": "Saint-Martin-d'Uriage"
  },
  {
    "lat": 45.15130611052707,
    "lng": 5.819112931998175,
    "name": "88 Chemin du Sonnant",
    "postCode": "38422",
    "city": "Saint-Martin-d'Uriage"
  },
  {
    "lat": 45.13982292181727,
    "lng": 5.606697507938441,
    "name": "1695 Route de Saint Nizier",
    "postCode": "38205",
    "city": "Lans-en-Vercors"
  },
  {
    "lat": 45.25036537148606,
    "lng": 5.717212652527382,
    "name": "225 Chemin de Lombardie",
    "postCode": "38328",
    "city": "Quaix-en-Chartreuse"
  },
  {
    "lat": 45.1686123125045,
    "lng": 5.638260077911323,
    "name": "1015 Route du Vercors",
    "postCode": "38433",
    "city": "Saint-Nizier-du-Moucherotte"
  },
  {
    "lat": 45.24569432873173,
    "lng": 5.63050099026568,
    "name": "296 Rue du Maupas",
    "postCode": "38281",
    "city": "Noyarey"
  },
  {
    "lat": 45.228148889519986,
    "lng": 5.7857127714214025,
    "name": "5 Allée de Rochebelle",
    "postCode": "38229",
    "city": "Meylan"
  },
  {
    "lat": 45.24170504910866,
    "lng": 5.838264158705671,
    "name": "1557 Chemin de Pré Diot",
    "postCode": "38397",
    "city": "Saint-Ismier"
  },
  {
    "lat": 45.2120558855587,
    "lng": 5.862219553288375,
    "name": "219 Rue de la Paix",
    "postCode": "38538",
    "city": "Le Versoud"
  },
  {
    "lat": 45.21207080494016,
    "lng": 5.66979738345316,
    "name": "4bis Rue Pierre de Coubertin",
    "postCode": "38474",
    "city": "Sassenage"
  },
  {
    "lat": 45.273326845676706,
    "lng": 5.603031303031024,
    "name": "5 Lotissement le Presvert",
    "postCode": "38540",
    "city": "Veurey-Voroize"
  },
  {
    "lat": 45.164830898178685,
    "lng": 5.701649952065533,
    "name": "Stade Bachelard",
    "postCode": "38185",
    "city": "Grenoble"
  },
  {
    "lat": 45.22421549737663,
    "lng": 5.673478723350563,
    "name": "54 rue du pont noir",
    "postCode": "38382",
    "city": "Saint-Égrève"
  },
  {
    "lat": 45.21588259266258,
    "lng": 5.894022666336116,
    "name": "712 Route de la Scierie",
    "postCode": "38120",
    "city": "La Combe-de-Lancey"
  },
  {
    "lat": 45.22544967546217,
    "lng": 5.803147183668524,
    "name": "150 Chemin de la Souchière",
    "postCode": "38249",
    "city": "Montbonnot-Saint-Martin"
  },
  {
    "lat": 45.29411977253684,
    "lng": 5.863905837894755,
    "name": "460 Chemin de la Croix de Pierre",
    "postCode": "38395",
    "city": "Plateau-des-Petites-Roches"
  },
  {
    "lat": 45.137967316030824,
    "lng": 5.848655775592191,
    "name": "327 Route du Replaton",
    "postCode": "38422",
    "city": "Saint-Martin-d'Uriage"
  },
  {
    "lat": 45.1685711767918,
    "lng": 5.876256025352199,
    "name": "320 Chemin des Ronzerettes",
    "postCode": "38422",
    "city": "Saint-Martin-d'Uriage"
  },
  {
    "lat": 45.235887495757474,
    "lng": 5.6646996644059415,
    "name": "19 rue du lac",
    "postCode": "38382",
    "city": "Saint-Égrève"
  },
  {
    "lat": 45.22347239076894,
    "lng": 5.899930713352446,
    "name": "189 Route du Villard",
    "postCode": "38120",
    "city": "La Combe-de-Lancey"
  },
  {
    "lat": 45.27163030476997,
    "lng": 5.751600946532606,
    "name": "401 Route de la Guille",
    "postCode": "38472",
    "city": "Sarcenas"
  },
  {
    "lat": 45.16730858539563,
    "lng": 5.763745685433145,
    "name": "9 Avenue Romain Rolland",
    "postCode": "38421",
    "city": "Saint-Martin-d'Hères"
  },
  {
    "lat": 45.1916635151897,
    "lng": 5.869139340736222,
    "name": "509a Route du Mont",
    "postCode": "38334",
    "city": "Revel"
  },
  {
    "lat": 45.109993140070536,
    "lng": 5.6506707196952775,
    "name": "Chemin de Savoyères",
    "postCode": "38111",
    "city": "Claix"
  },
  {
    "lat": 45.160170166910774,
    "lng": 5.84836976734202,
    "name": "1175 Route de Pinet",
    "postCode": "38422",
    "city": "Saint-Martin-d'Uriage"
  },
  {
    "lat": 45.12126931057823,
    "lng": 5.894742636176236,
    "name": "Paturage de Chamrousse",
    "postCode": "38567",
    "city": "Chamrousse"
  },
  {
    "lat": 45.27599387160003,
    "lng": 5.608302514074054,
    "name": "2 Chemin du Petit Chatelard",
    "postCode": "38540",
    "city": "Veurey-Voroize"
  },
  {
    "lat": 45.13514838210486,
    "lng": 5.84343624162658,
    "name": "110 Chemin des Poneys",
    "postCode": "38422",
    "city": "Saint-Martin-d'Uriage"
  },
  {
    "lat": 45.22550733109478,
    "lng": 5.823391248722015,
    "name": "935 Chemin des Communaux",
    "postCode": "38249",
    "city": "Montbonnot-Saint-Martin"
  },
  {
    "lat": 45.17012408410368,
    "lng": 5.852176008178871,
    "name": "736 Route de Corps",
    "postCode": "38422",
    "city": "Saint-Martin-d'Uriage"
  },
  {
    "lat": 45.15661976156588,
    "lng": 5.7257426724789084,
    "name": "14 Allée des Vosges",
    "postCode": "38151",
    "city": "Échirolles"
  },
  {
    "lat": 45.28191130179747,
    "lng": 5.89107530529325,
    "name": "9 Rue des Iles",
    "postCode": "38140",
    "city": "Crolles"
  },
  {
    "lat": 45.150341391008425,
    "lng": 5.727031618359391,
    "name": "4bis Rue des Tropiques",
    "postCode": "38151",
    "city": "Échirolles"
  },
  {
    "lat": 45.28883527719429,
    "lng": 5.857991108406887,
    "name": "260 Chemin de Chaumeilles",
    "postCode": "38395",
    "city": "Plateau-des-Petites-Roches"
  },
  {
    "lat": 45.293139129760426,
    "lng": 5.641383210342718,
    "name": "170 Rue de Gachetière",
    "postCode": "38565",
    "city": "Voreppe"
  },
  {
    "lat": 45.13858746772742,
    "lng": 5.695044040505854,
    "name": "32 Rue Aristide Bergès",
    "postCode": "38317",
    "city": "Le Pont-de-Claix"
  },
  {
    "lat": 45.18844227309842,
    "lng": 5.615766415274391,
    "name": "132 Chemin de la Combe Pèlerin",
    "postCode": "38153",
    "city": "Engins"
  },
  {
    "lat": 45.18969008754424,
    "lng": 5.697675730460874,
    "name": "20 Avenue Aristide Briand",
    "postCode": "38169",
    "city": "Fontaine"
  },
  {
    "lat": 45.26129867080852,
    "lng": 5.665132572765428,
    "name": "Lotissement la Fétola",
    "postCode": "38170",
    "city": "Fontanil-Cornillon"
  },
  {
    "lat": 45.17863413336637,
    "lng": 5.852970180010939,
    "name": "1005 Route de la Perérée",
    "postCode": "38422",
    "city": "Saint-Martin-d'Uriage"
  },
  {
    "lat": 45.18911783712867,
    "lng": 5.705128976773838,
    "name": "168 Cours Berriat",
    "postCode": "38185",
    "city": "Grenoble"
  },
  {
    "lat": 45.22195302545234,
    "lng": 5.719109598918973,
    "name": "3598 Route de Narbonne",
    "postCode": "38423",
    "city": "Saint-Martin-le-Vinoux"
  },
  {
    "lat": 45.176963021698896,
    "lng": 5.712372590188246,
    "name": "22 Rue Joseph Bouchayer",
    "postCode": "38185",
    "city": "Grenoble"
  },
  {
    "lat": 45.25833833731053,
    "lng": 5.728493569008048,
    "name": "445 Chemin des Grosses Pierres",
    "postCode": "38328",
    "city": "Quaix-en-Chartreuse"
  },
  {
    "lat": 45.114356347257235,
    "lng": 5.762050095713121,
    "name": "Route de la Croix",
    "postCode": "38200",
    "city": "Jarrie"
  },
  {
    "lat": 45.15638711194254,
    "lng": 5.670126622981416,
    "name": "159 Route de Saint-nizier",
    "postCode": "38486",
    "city": "Seyssins"
  },
  {
    "lat": 45.10667026891658,
    "lng": 5.761358770307589,
    "name": "228l Route de Bon Repos",
    "postCode": "38200",
    "city": "Jarrie"
  },
  {
    "lat": 45.17426579274179,
    "lng": 5.7449570032759,
    "name": "3 Rue Georges de Manteyer",
    "postCode": "38185",
    "city": "Grenoble"
  },
  {
    "lat": 45.12914633673835,
    "lng": 5.685318801975025,
    "name": "22 Rue de la Balme",
    "postCode": "38111",
    "city": "Claix"
  },
  {
    "lat": 45.18059097142121,
    "lng": 5.706304264347112,
    "name": "23 Rue Docteur Calmette",
    "postCode": "38185",
    "city": "Grenoble"
  },
  {
    "lat": 45.24451713390453,
    "lng": 5.827323298474331,
    "name": "44 Chemin de Ray Buisson",
    "postCode": "38397",
    "city": "Saint-Ismier"
  },
  {
    "lat": 45.1057715723741,
    "lng": 5.778138125500694,
    "name": "264b Chemin les Rivaux",
    "postCode": "38059",
    "city": "Brié-et-Angonnes"
  },
  {
    "lat": 45.21400468337283,
    "lng": 5.864017592376751,
    "name": "140 Rue du Moulin",
    "postCode": "38538",
    "city": "Le Versoud"
  },
  {
    "lat": 45.13130745376321,
    "lng": 5.651827243547363,
    "name": "63bis Route du Peuil",
    "postCode": "38111",
    "city": "Claix"
  },
  {
    "lat": 45.259476860144346,
    "lng": 5.626592372657975,
    "name": "13 Allée du Sautaret",
    "postCode": "38540",
    "city": "Veurey-Voroize"
  },
  {
    "lat": 45.1880584647656,
    "lng": 5.726071458694505,
    "name": "2 Cours La Fontaine",
    "postCode": "38185",
    "city": "Grenoble"
  },
  {
    "lat": 45.19294029437908,
    "lng": 5.741655346359109,
    "name": "9 Chemin de Halage",
    "postCode": "38185",
    "city": "Grenoble"
  },
  {
    "lat": 45.199164644179604,
    "lng": 5.835286732700346,
    "name": "40 Rue Emile Blanc",
    "postCode": "38150",
    "city": "Domène"
  },
  {
    "lat": 45.20298149654394,
    "lng": 5.658477330870002,
    "name": "52 Rue des Capucines",
    "postCode": "38474",
    "city": "Sassenage"
  },
  {
    "lat": 45.20116083811477,
    "lng": 5.684127770695233,
    "name": "13bis Rue François Marceau",
    "postCode": "38169",
    "city": "Fontaine"
  },
  {
    "lat": 45.108323201663524,
    "lng": 5.662688541069513,
    "name": "6bis Rue du Pre du Merle",
    "postCode": "38111",
    "city": "Claix"
  },
  {
    "lat": 45.228619547654574,
    "lng": 5.799608523764917,
    "name": "303 Allee des Lauriers",
    "postCode": "38249",
    "city": "Montbonnot-Saint-Martin"
  },
  {
    "lat": 45.26048063704192,
    "lng": 5.660514178488266,
    "name": "9 Chemin des Carrières",
    "postCode": "38170",
    "city": "Fontanil-Cornillon"
  },
  {
    "lat": 45.13983968151646,
    "lng": 5.776350113406695,
    "name": "798 Route des Angonnes",
    "postCode": "38059",
    "city": "Brié-et-Angonnes"
  },
  {
    "lat": 45.1973033915198,
    "lng": 5.725193769170291,
    "name": "1 Fort de la Bastille",
    "postCode": "38185",
    "city": "Grenoble"
  },
  {
    "lat": 45.11698197450751,
    "lng": 5.751339308297644,
    "name": "96c Route du Plâtre",
    "postCode": "38200",
    "city": "Jarrie"
  },
  {
    "lat": 45.10899811292361,
    "lng": 5.7813774279474215,
    "name": "Impasse Marius Bressieux",
    "postCode": "38059",
    "city": "Brié-et-Angonnes"
  },
  {
    "lat": 45.154120602934874,
    "lng": 5.825568122656907,
    "name": "11 Chemin du Pré Bayard",
    "postCode": "38422",
    "city": "Saint-Martin-d'Uriage"
  },
  {
    "lat": 45.244185703539586,
    "lng": 5.740360404890984,
    "name": "12 Chemin Charbonnier",
    "postCode": "38328",
    "city": "Quaix-en-Chartreuse"
  },
  {
    "lat": 45.22456283869944,
    "lng": 5.889088945692874,
    "name": "477 Impasse de la Crête",
    "postCode": "38120",
    "city": "La Combe-de-Lancey"
  },
  {
    "lat": 45.21797033983771,
    "lng": 5.691337231785587,
    "name": "11 Rue de Balcesti",
    "postCode": "38423",
    "city": "Saint-Martin-le-Vinoux"
  },
  {
    "lat": 45.24901538517085,
    "lng": 5.89492585538998,
    "name": "14 Avenue Général de Miribel",
    "postCode": "38547",
    "city": "Villard-Bonnot"
  },
  {
    "lat": 45.11260864265202,
    "lng": 5.723262184523107,
    "name": "1 Allee des Mesanges",
    "postCode": "38068",
    "city": "Champagnier"
  },
  {
    "lat": 45.182761885282034,
    "lng": 5.691930275156102,
    "name": "13 Boulevard des Frères Desaire",
    "postCode": "38485",
    "city": "Seyssinet-Pariset"
  },
  {
    "lat": 45.19118711769869,
    "lng": 5.886309825240375,
    "name": "211d Route des Geymonds",
    "postCode": "38334",
    "city": "Revel"
  },
  {
    "lat": 45.139293252277135,
    "lng": 5.846536482883548,
    "name": "205 Route du Replaton",
    "postCode": "38422",
    "city": "Saint-Martin-d'Uriage"
  },
  {
    "lat": 45.253753712985535,
    "lng": 5.670447834793195,
    "name": "6 Rue du Cornillon",
    "postCode": "38170",
    "city": "Fontanil-Cornillon"
  },
  {
    "lat": 45.267024406928535,
    "lng": 5.737554365164316,
    "name": "2730bis Route de la Mearie",
    "postCode": "38328",
    "city": "Quaix-en-Chartreuse"
  },
  {
    "lat": 45.27437895979455,
    "lng": 5.676193096366707,
    "name": "chemin d'espalassière",
    "postCode": "38258",
    "city": "Mont-Saint-Martin"
  },
  {
    "lat": 45.200716074381376,
    "lng": 5.703927621599579,
    "name": "17 Avenue des Martyrs",
    "postCode": "38185",
    "city": "Grenoble"
  },
  {
    "lat": 45.21544337831449,
    "lng": 5.801905338593191,
    "name": "1 Chemin du Gamond",
    "postCode": "38229",
    "city": "Meylan"
  },
  {
    "lat": 45.138684353140206,
    "lng": 5.7040926051371255,
    "name": "3 Avenue Charles de Gaulle",
    "postCode": "38317",
    "city": "Le Pont-de-Claix"
  },
  {
    "lat": 45.167367666557716,
    "lng": 5.698720701663459,
    "name": "50 Rue des Allobroges",
    "postCode": "38486",
    "city": "Seyssins"
  },
  {
    "lat": 45.16405432857773,
    "lng": 5.7266568134051274,
    "name": "26 Rue Henry Duhamel",
    "postCode": "38185",
    "city": "Grenoble"
  },
  {
    "lat": 45.17274573957121,
    "lng": 5.860732929182895,
    "name": "1376 Route de Corps",
    "postCode": "38422",
    "city": "Saint-Martin-d'Uriage"
  },
  {
    "lat": 45.15911743685379,
    "lng": 5.757675745462656,
    "name": "2c Rue Hector Berlioz",
    "postCode": "38309",
    "city": "Poisat"
  },
  {
    "lat": 45.20040631625041,
    "lng": 5.7221681717250945,
    "name": "145 Route de Clémencières",
    "postCode": "38423",
    "city": "Saint-Martin-le-Vinoux"
  },
  {
    "lat": 45.162663257915696,
    "lng": 5.845618385389178,
    "name": "953 Route de Pinet",
    "postCode": "38422",
    "city": "Saint-Martin-d'Uriage"
  },
  {
    "lat": 45.12546416711776,
    "lng": 5.874155631122591,
    "name": "461 Rue des Gentianes",
    "postCode": "38567",
    "city": "Chamrousse"
  },
  {
    "lat": 45.1335686536845,
    "lng": 5.685887659684706,
    "name": "26 Rue de la Balme",
    "postCode": "38111",
    "city": "Claix"
  },
  {
    "lat": 45.2103872023498,
    "lng": 5.853791507659813,
    "name": "470 Route de Grenoble",
    "postCode": "38538",
    "city": "Le Versoud"
  },
  {
    "lat": 45.14753347510782,
    "lng": 5.859204301701004,
    "name": "660 Chemin de la Grivolée",
    "postCode": "38422",
    "city": "Saint-Martin-d'Uriage"
  },
  {
    "lat": 45.23640653761222,
    "lng": 5.789472689263546,
    "name": "313 Chemin de Billerey",
    "postCode": "38045",
    "city": "Biviers"
  },
  {
    "lat": 45.15083885659047,
    "lng": 5.700921897677642,
    "name": "10 Quai Jean Faure",
    "postCode": "38151",
    "city": "Échirolles"
  },
  {
    "lat": 45.145732742993964,
    "lng": 5.839645612645306,
    "name": "21 Impasse de Malissole",
    "postCode": "38422",
    "city": "Saint-Martin-d'Uriage"
  },
  {
    "lat": 45.25255382391538,
    "lng": 5.723090808010167,
    "name": "107 Chemin du Chateau",
    "postCode": "38328",
    "city": "Quaix-en-Chartreuse"
  },
  {
    "lat": 45.2084848745446,
    "lng": 5.6426351440456,
    "name": "3bis Rue du Pissot",
    "postCode": "38474",
    "city": "Sassenage"
  },
  {
    "lat": 45.223043941242516,
    "lng": 5.774568640281253,
    "name": "1 Chemin Saint-Germain",
    "postCode": "38229",
    "city": "Meylan"
  },
  {
    "lat": 45.227129526414245,
    "lng": 5.878849090645586,
    "name": "14 Rue de la Lunette",
    "postCode": "38538",
    "city": "Le Versoud"
  },
  {
    "lat": 45.18986058159354,
    "lng": 5.874861788453728,
    "name": "63 Montée des Allières",
    "postCode": "38334",
    "city": "Revel"
  },
  {
    "lat": 45.24612973034446,
    "lng": 5.645488259067745,
    "name": "1160 Route de la Vanne",
    "postCode": "38281",
    "city": "Noyarey"
  },
  {
    "lat": 45.283347688002415,
    "lng": 5.638425083287135,
    "name": "106 Allée des Jacquins",
    "postCode": "38565",
    "city": "Voreppe"
  },
  {
    "lat": 45.12514469284597,
    "lng": 5.777242577032704,
    "name": "3211 Chemin du Grand Pre",
    "postCode": "38059",
    "city": "Brié-et-Angonnes"
  },
  {
    "lat": 45.28187750110026,
    "lng": 5.7201511455110685,
    "name": "Planfay",
    "postCode": "38325",
    "city": "Proveysieux"
  },
  {
    "lat": 45.27980084546923,
    "lng": 5.749923335812407,
    "name": "Impasse de Servanière",
    "postCode": "38472",
    "city": "Sarcenas"
  },
  {
    "lat": 45.28555418665258,
    "lng": 5.880486268107287,
    "name": "188 Rue de la Cascade",
    "postCode": "38140",
    "city": "Crolles"
  },
  {
    "lat": 45.16161010074186,
    "lng": 5.777881565272058,
    "name": "38 Route du Bigot",
    "postCode": "38421",
    "city": "Saint-Martin-d'Hères"
  },
  {
    "lat": 45.14210321483766,
    "lng": 5.743654951752839,
    "name": "2 Chemin Lagay",
    "postCode": "38057",
    "city": "Bresson"
  },
  {
    "lat": 45.202331203423554,
    "lng": 5.6704809366149185,
    "name": "46 Rue de la Cerisaie",
    "postCode": "38474",
    "city": "Sassenage"
  },
  {
    "lat": 45.25888491320215,
    "lng": 5.8259662007712745,
    "name": "410 Chemin des Civets",
    "postCode": "38397",
    "city": "Saint-Ismier"
  },
  {
    "lat": 45.15863720254594,
    "lng": 5.734317516749922,
    "name": "1 Avenue d'Innsbruck",
    "postCode": "38185",
    "city": "Grenoble"
  },
  {
    "lat": 45.14701575800949,
    "lng": 5.828893708310957,
    "name": "161 Route de Gières",
    "postCode": "38422",
    "city": "Saint-Martin-d'Uriage"
  },
  {
    "lat": 45.23137530973003,
    "lng": 5.726775379224296,
    "name": "4480 Route de Clémencières",
    "postCode": "38423",
    "city": "Saint-Martin-le-Vinoux"
  },
  {
    "lat": 45.261428659531845,
    "lng": 5.741831141993567,
    "name": "226 Chemin du Bas de Fontvielle",
    "postCode": "38328",
    "city": "Quaix-en-Chartreuse"
  },
  {
    "lat": 45.26918596133818,
    "lng": 5.871871727024992,
    "name": "2 impasse des Grandes Terres",
    "postCode": "38039",
    "city": "Bernin"
  },
  {
    "lat": 45.276093921062646,
    "lng": 5.896635085249903,
    "name": "450 Rue Henri Fabre",
    "postCode": "38140",
    "city": "Crolles"
  },
  {
    "lat": 45.177749306335336,
    "lng": 5.886691692818194,
    "name": "762d Route d’’Uriage",
    "postCode": "38334",
    "city": "Revel"
  },
  {
    "lat": 45.184005486576595,
    "lng": 5.744868885011845,
    "name": "25 Chemin Villebois",
    "postCode": "38185",
    "city": "Grenoble"
  },
  {
    "lat": 45.11239460072435,
    "lng": 5.708574119238298,
    "name": "81 Avenue du Maquis de l'Oisans",
    "postCode": "38317",
    "city": "Le Pont-de-Claix"
  },
  {
    "lat": 45.168848831506345,
    "lng": 5.671640958549687,
    "name": "157 Route de Saint-Nizier",
    "postCode": "38485",
    "city": "Seyssinet-Pariset"
  },
  {
    "lat": 45.20468049089921,
    "lng": 5.695307545093283,
    "name": "47 Rue Jules Horowitz",
    "postCode": "38185",
    "city": "Grenoble"
  },
  {
    "lat": 45.113148623098674,
    "lng": 5.685470180646499,
    "name": "32 Rue Lesdiguières",
    "postCode": "38111",
    "city": "Claix"
  },
  {
    "lat": 45.11155173440669,
    "lng": 5.804563256042747,
    "name": "396 Avenue des Vaulnaveys",
    "postCode": "38528",
    "city": "Vaulnaveys-le-Bas"
  },
  {
    "lat": 45.12207888406729,
    "lng": 5.664207586414359,
    "name": "15 Chemin de la Fontanette",
    "postCode": "38111",
    "city": "Claix"
  },
  {
    "lat": 45.11645618166824,
    "lng": 5.663852487210811,
    "name": "Lieu Dit la Ganterie",
    "postCode": "38111",
    "city": "Claix"
  },
  {
    "lat": 45.23252620975982,
    "lng": 5.796685993382127,
    "name": "103 Chemin de Plate Rousset",
    "postCode": "38045",
    "city": "Biviers"
  },
  {
    "lat": 45.159975338326376,
    "lng": 5.855061003476359,
    "name": "833 Route du Replat",
    "postCode": "38422",
    "city": "Saint-Martin-d'Uriage"
  },
  {
    "lat": 45.20313139030953,
    "lng": 5.848019908204917,
    "name": "22d Rue Hector Berlioz",
    "postCode": "38150",
    "city": "Domène"
  },
  {
    "lat": 45.16053092460195,
    "lng": 5.676342024673945,
    "name": "74 Route de Saint-nizier",
    "postCode": "38486",
    "city": "Seyssins"
  },
  {
    "lat": 45.11576492483889,
    "lng": 5.67037549489329,
    "name": "Allée Alexandre Dubuisson",
    "postCode": "38111",
    "city": "Claix"
  },
  {
    "lat": 45.15534211109201,
    "lng": 5.737405881249224,
    "name": "Alpexpo",
    "postCode": "38185",
    "city": "Grenoble"
  },
  {
    "lat": 45.19644623215023,
    "lng": 5.818292822397113,
    "name": "10 Rue des Bourelles",
    "postCode": "38150",
    "city": "Domène"
  },
  {
    "lat": 45.13597258144949,
    "lng": 5.832316296438973,
    "name": "158 Route des Mésanges",
    "postCode": "38422",
    "city": "Saint-Martin-d'Uriage"
  },
  {
    "lat": 45.14833173209834,
    "lng": 5.817421803172344,
    "name": "15 Chemin des Taillées",
    "postCode": "38422",
    "city": "Saint-Martin-d'Uriage"
  },
  {
    "lat": 45.13916553221176,
    "lng": 5.702964318334683,
    "name": "98 Cours Saint - André",
    "postCode": "38317",
    "city": "Le Pont-de-Claix"
  },
  {
    "lat": 45.130207021424674,
    "lng": 5.680951074627158,
    "name": "12 Allee du Chapitre Notre Dame",
    "postCode": "38111",
    "city": "Claix"
  },
  {
    "lat": 45.190993500460024,
    "lng": 5.805355562459929,
    "name": "83 Le Marais",
    "postCode": "38179",
    "city": "Gières"
  },
  {
    "lat": 45.18912003708006,
    "lng": 5.702464191529479,
    "name": "Pont du Drac",
    "postCode": "38185",
    "city": "Grenoble"
  },
  {
    "lat": 45.14517258471365,
    "lng": 5.743339024406083,
    "name": "43 Avenue d'Echirolles",
    "postCode": "38158",
    "city": "Eybens"
  },
  {
    "lat": 45.24735566490531,
    "lng": 5.722053487237921,
    "name": "8 Chemin de l’Autre Cote de Vence",
    "postCode": "38328",
    "city": "Quaix-en-Chartreuse"
  },
  {
    "lat": 45.17310623201952,
    "lng": 5.7304424216583625,
    "name": "9 Rue Gustave Flaubert",
    "postCode": "38185",
    "city": "Grenoble"
  },
  {
    "lat": 45.177543910954434,
    "lng": 5.620306728434475,
    "name": "164 Route Joseph Coynel",
    "postCode": "38153",
    "city": "Engins"
  },
  {
    "lat": 45.21949512817297,
    "lng": 5.879328158013824,
    "name": "394 Chemin du Versoud",
    "postCode": "38120",
    "city": "La Combe-de-Lancey"
  },
  {
    "lat": 45.28726557276226,
    "lng": 5.635271330695584,
    "name": "Chemin des Seites",
    "postCode": "38565",
    "city": "Voreppe"
  },
  {
    "lat": 45.167194322316334,
    "lng": 5.8624662730552135,
    "name": "1101 Route d'Allevard",
    "postCode": "38422",
    "city": "Saint-Martin-d'Uriage"
  },
  {
    "lat": 45.17316763217716,
    "lng": 5.699522611022543,
    "name": "131 Rue du Progrès",
    "postCode": "38485",
    "city": "Seyssinet-Pariset"
  },
  {
    "lat": 45.264785655478946,
    "lng": 5.861873987079605,
    "name": "53 impasse de la Vigneraie",
    "postCode": "38039",
    "city": "Bernin"
  },
  {
    "lat": 45.177127371151876,
    "lng": 5.61731843986484,
    "name": "28 Chemin du Rivet",
    "postCode": "38153",
    "city": "Engins"
  },
  {
    "lat": 45.275458844169066,
    "lng": 5.755074843834483,
    "name": "125 Chemin du Crêt",
    "postCode": "38472",
    "city": "Sarcenas"
  },
  {
    "lat": 45.17878230205717,
    "lng": 5.882008419244386,
    "name": "178 Chemin de Planchon",
    "postCode": "38334",
    "city": "Revel"
  },
  {
    "lat": 45.12506781930865,
    "lng": 5.673671124191067,
    "name": "17 Allee de la Vigne des Perouses",
    "postCode": "38111",
    "city": "Claix"
  },
  {
    "lat": 45.165956678153925,
    "lng": 5.765630729502633,
    "name": "39 Avenue Romain Rolland",
    "postCode": "38421",
    "city": "Saint-Martin-d'Hères"
  },
  {
    "lat": 45.2378247393763,
    "lng": 5.6351953394140475,
    "name": "457 Avenue Saint-Jean",
    "postCode": "38281",
    "city": "Noyarey"
  },
  {
    "lat": 45.195553414471654,
    "lng": 5.745613689723111,
    "name": "9 Boulevard de la Chantourne",
    "postCode": "38516",
    "city": "La Tronche"
  },
  {
    "lat": 45.21107181200904,
    "lng": 5.677739994438056,
    "name": "15 Rue François Blumet",
    "postCode": "38474",
    "city": "Sassenage"
  },
  {
    "lat": 45.16409986930746,
    "lng": 5.738244710733515,
    "name": "10 Allée de la Colline",
    "postCode": "38185",
    "city": "Grenoble"
  },
  {
    "lat": 45.117997742532474,
    "lng": 5.83508304543486,
    "name": "4326 Route de Prémol",
    "postCode": "38529",
    "city": "Vaulnaveys-le-Haut"
  },
  {
    "lat": 45.24487344796441,
    "lng": 5.768005537615145,
    "name": "727 Route du Saint Eynard",
    "postCode": "38471",
    "city": "Le Sappey-en-Chartreuse"
  },
  {
    "lat": 45.1296567395305,
    "lng": 5.83000347066789,
    "name": "83 Impasse du Grand Pré",
    "postCode": "38529",
    "city": "Vaulnaveys-le-Haut"
  },
  {
    "lat": 45.134843238711944,
    "lng": 5.693157707203462,
    "name": "14 Rue Aristide Bergès",
    "postCode": "38317",
    "city": "Le Pont-de-Claix"
  },
  {
    "lat": 45.149044308370904,
    "lng": 5.705434635450057,
    "name": "54 Cours Jean Jaurès",
    "postCode": "38151",
    "city": "Échirolles"
  },
  {
    "lat": 45.24396642286634,
    "lng": 5.803599881441405,
    "name": "845 Chemin de Montbivet",
    "postCode": "38045",
    "city": "Biviers"
  },
  {
    "lat": 45.173003277929105,
    "lng": 5.699196427576131,
    "name": "133 Rue du Progrès",
    "postCode": "38485",
    "city": "Seyssinet-Pariset"
  },
  {
    "lat": 45.25334847543532,
    "lng": 5.696588712109264,
    "name": "56 Chemin de Moretière",
    "postCode": "38325",
    "city": "Proveysieux"
  },
  {
    "lat": 45.21484477584116,
    "lng": 5.882430330603469,
    "name": "800 Route de la Mairie",
    "postCode": "38404",
    "city": "Saint-Jean-le-Vieux"
  },
  {
    "lat": 45.11929368392405,
    "lng": 5.8271713898920545,
    "name": "2429 Route de la Gorge",
    "postCode": "38529",
    "city": "Vaulnaveys-le-Haut"
  },
  {
    "lat": 45.25610587325364,
    "lng": 5.775430897590186,
    "name": "1950 Route du Col de Porte",
    "postCode": "38471",
    "city": "Le Sappey-en-Chartreuse"
  },
  {
    "lat": 45.22408730924272,
    "lng": 5.749597524806669,
    "name": "22 Chemin de Chantemerle",
    "postCode": "38516",
    "city": "La Tronche"
  },
  {
    "lat": 45.20532528795221,
    "lng": 5.723248824504929,
    "name": "Mont Jalla",
    "postCode": "38423",
    "city": "Saint-Martin-le-Vinoux"
  },
  {
    "lat": 45.21822565617005,
    "lng": 5.899286065353222,
    "name": "163 Montée des Echarras",
    "postCode": "38120",
    "city": "La Combe-de-Lancey"
  },
  {
    "lat": 45.220465109546325,
    "lng": 5.810660652976946,
    "name": "544 Chemin de la Croix Verte",
    "postCode": "38249",
    "city": "Montbonnot-Saint-Martin"
  },
  {
    "lat": 45.121998634826994,
    "lng": 5.774794715701029,
    "name": "177 Impasse des Longs",
    "postCode": "38059",
    "city": "Brié-et-Angonnes"
  },
  {
    "lat": 45.2068262848134,
    "lng": 5.827254983740842,
    "name": "1 Avenue Aristide Berges",
    "postCode": "38150",
    "city": "Domène"
  },
  {
    "lat": 45.25588465833878,
    "lng": 5.661107849115479,
    "name": "11 Rue de Montpertuis",
    "postCode": "38170",
    "city": "Fontanil-Cornillon"
  },
  {
    "lat": 45.18751785952784,
    "lng": 5.830428346714429,
    "name": "223 Chemin de Combeloup",
    "postCode": "38271",
    "city": "Murianette"
  },
  {
    "lat": 45.11438843591059,
    "lng": 5.70591460138518,
    "name": "9 Voie des Collines",
    "postCode": "38317",
    "city": "Le Pont-de-Claix"
  },
  {
    "lat": 45.21318828403462,
    "lng": 5.78511699747302,
    "name": "10 Allee de la Roselière",
    "postCode": "38229",
    "city": "Meylan"
  },
  {
    "lat": 45.2651023689457,
    "lng": 5.767544432125357,
    "name": "Route de Bens",
    "postCode": "38471",
    "city": "Le Sappey-en-Chartreuse"
  },
  {
    "lat": 45.23533883430925,
    "lng": 5.82557952573435,
    "name": "193i Chemin des Semaises",
    "postCode": "38397",
    "city": "Saint-Ismier"
  },
  {
    "lat": 45.15248714237755,
    "lng": 5.859095476266463,
    "name": "400 Chemin du Chavanais",
    "postCode": "38422",
    "city": "Saint-Martin-d'Uriage"
  },
  {
    "lat": 45.24373064394456,
    "lng": 5.6430532195757985,
    "name": "Chemin des Communaux",
    "postCode": "38281",
    "city": "Noyarey"
  },
  {
    "lat": 45.25285883331375,
    "lng": 5.738302977137633,
    "name": "Route de Sarcenas",
    "postCode": "38328",
    "city": "Quaix-en-Chartreuse"
  },
  {
    "lat": 45.236632038230695,
    "lng": 5.812496631753328,
    "name": "745 rue abel servien rd 1090",
    "postCode": "38045",
    "city": "Biviers"
  },
  {
    "lat": 45.17260747446545,
    "lng": 5.793978913172652,
    "name": "75 Chemin de la Frênaie",
    "postCode": "38533",
    "city": "Venon"
  },
  {
    "lat": 45.11232768071934,
    "lng": 5.694740248303238,
    "name": "Chute de Pont de Claix",
    "postCode": "38111",
    "city": "Claix"
  },
  {
    "lat": 45.293942705372494,
    "lng": 5.636728506170642,
    "name": "168 Rue de Nardan",
    "postCode": "38565",
    "city": "Voreppe"
  },
  {
    "lat": 45.215748520662025,
    "lng": 5.653734536839736,
    "name": "10 Chemin des Ecureuils",
    "postCode": "38474",
    "city": "Sassenage"
  },
  {
    "lat": 45.20916297683043,
    "lng": 5.647668485381813,
    "name": "1 Rue du Moulin",
    "postCode": "38474",
    "city": "Sassenage"
  },
  {
    "lat": 45.149166096559135,
    "lng": 5.776623338384813,
    "name": "13 Chemin du Murier",
    "postCode": "38309",
    "city": "Poisat"
  },
  {
    "lat": 45.220850985785745,
    "lng": 5.673289420579376,
    "name": "27 rue des glairaux",
    "postCode": "38382",
    "city": "Saint-Égrève"
  },
  {
    "lat": 45.18693636575971,
    "lng": 5.878592021353174,
    "name": "97 Route du Merger",
    "postCode": "38334",
    "city": "Revel"
  },
  {
    "lat": 45.18136312366688,
    "lng": 5.689088606323829,
    "name": "12 Rue Lafontaine",
    "postCode": "38485",
    "city": "Seyssinet-Pariset"
  },
  {
    "lat": 45.18756032994263,
    "lng": 5.612970048699618,
    "name": "189 Chemin de la Combe Pèlerin",
    "postCode": "38153",
    "city": "Engins"
  },
  {
    "lat": 45.170892578386905,
    "lng": 5.815841144768815,
    "name": "892 Voie Communale 164",
    "postCode": "38533",
    "city": "Venon"
  },
  {
    "lat": 45.283333909685844,
    "lng": 5.8850008152067605,
    "name": "174 Rue du 8 Mai 1945",
    "postCode": "38140",
    "city": "Crolles"
  },
  {
    "lat": 45.184676756306146,
    "lng": 5.7561293466337355,
    "name": "8 Rue Georges Cayrier",
    "postCode": "38421",
    "city": "Saint-Martin-d'Hères"
  },
  {
    "lat": 45.17786625965498,
    "lng": 5.654286817410459,
    "name": "666 Route de Saint-Nizier",
    "postCode": "38485",
    "city": "Seyssinet-Pariset"
  },
  {
    "lat": 45.25932745946028,
    "lng": 5.82622280629966,
    "name": "410 Chemin des Civets",
    "postCode": "38397",
    "city": "Saint-Ismier"
  },
  {
    "lat": 45.18716514132036,
    "lng": 5.896001282741213,
    "name": "215 Chemin des Granges",
    "postCode": "38334",
    "city": "Revel"
  },
  {
    "lat": 45.184570783919455,
    "lng": 5.721727853181451,
    "name": "7 Rue de Turenne",
    "postCode": "38185",
    "city": "Grenoble"
  },
  {
    "lat": 45.23947300397427,
    "lng": 5.660065606972932,
    "name": "Rue des Iles",
    "postCode": "38382",
    "city": "Saint-Égrève"
  },
  {
    "lat": 45.13863726954455,
    "lng": 5.825110561586037,
    "name": "204 Rue des Etons",
    "postCode": "38422",
    "city": "Saint-Martin-d'Uriage"
  },
  {
    "lat": 45.139290389188965,
    "lng": 5.723253866797435,
    "name": "32 Avenue de la République",
    "postCode": "38151",
    "city": "Échirolles"
  },
  {
    "lat": 45.208707674941046,
    "lng": 5.708503048904276,
    "name": "425 Route de Narbonne",
    "postCode": "38423",
    "city": "Saint-Martin-le-Vinoux"
  },
  {
    "lat": 45.2470549118041,
    "lng": 5.832001945908369,
    "name": "1359 Route de Chambéry - Route Départementale 1090",
    "postCode": "38397",
    "city": "Saint-Ismier"
  },
  {
    "lat": 45.109005861460126,
    "lng": 5.749633112266141,
    "name": "20 Route du General de Gaulle",
    "postCode": "38200",
    "city": "Jarrie"
  },
  {
    "lat": 45.20819833040391,
    "lng": 5.772643797544128,
    "name": "17 Chemin des Sources",
    "postCode": "38229",
    "city": "Meylan"
  },
  {
    "lat": 45.22130487479264,
    "lng": 5.668729421314277,
    "name": "3 Chemin du Bac",
    "postCode": "38474",
    "city": "Sassenage"
  },
  {
    "lat": 45.18859991300729,
    "lng": 5.646429969706432,
    "name": "1645 Route de Charvet",
    "postCode": "38433",
    "city": "Saint-Nizier-du-Moucherotte"
  },
  {
    "lat": 45.19055267001461,
    "lng": 5.624617605920043,
    "name": "3541 Route de Villard de Lans",
    "postCode": "38153",
    "city": "Engins"
  },
  {
    "lat": 45.20547100105882,
    "lng": 5.686704652142294,
    "name": "7 Rue du Sornin",
    "postCode": "38169",
    "city": "Fontaine"
  },
  {
    "lat": 45.23894963147748,
    "lng": 5.851533256707965,
    "name": "460 Allée de la Batie",
    "postCode": "38397",
    "city": "Saint-Ismier"
  },
  {
    "lat": 45.10036513601192,
    "lng": 5.742383083027276,
    "name": "574 Montee de la Creuse",
    "postCode": "38200",
    "city": "Jarrie"
  },
  {
    "lat": 45.186199567625,
    "lng": 5.809865447634346,
    "name": "61 Rue de la Fontaine",
    "postCode": "38179",
    "city": "Gières"
  },
  {
    "lat": 45.170586087232294,
    "lng": 5.6515416691154385,
    "name": "801 Route de Saint-Nizier",
    "postCode": "38485",
    "city": "Seyssinet-Pariset"
  },
  {
    "lat": 45.28293595607126,
    "lng": 5.721334934087336,
    "name": "Planfay",
    "postCode": "38325",
    "city": "Proveysieux"
  },
  {
    "lat": 45.250650792989624,
    "lng": 5.667621837214055,
    "name": "14 Rue du Rafour",
    "postCode": "38170",
    "city": "Fontanil-Cornillon"
  },
  {
    "lat": 45.1630930803734,
    "lng": 5.8865322303198875,
    "name": "Chemin de Pont Rajat",
    "postCode": "38334",
    "city": "Revel"
  },
  {
    "lat": 45.294959674460685,
    "lng": 5.6431250176833085,
    "name": "376 Chemin du Clet",
    "postCode": "38565",
    "city": "Voreppe"
  },
  {
    "lat": 45.192369491884435,
    "lng": 5.734484811286547,
    "name": "8 Place Edmond Arnaud",
    "postCode": "38185",
    "city": "Grenoble"
  },
  {
    "lat": 45.25660625212412,
    "lng": 5.883152967497909,
    "name": "4969 La Vaury",
    "postCode": "38039",
    "city": "Bernin"
  },
  {
    "lat": 45.13894047122531,
    "lng": 5.692100133289801,
    "name": "11 Rue Aristide Bergès",
    "postCode": "38317",
    "city": "Le Pont-de-Claix"
  },
  {
    "lat": 45.255803928740605,
    "lng": 5.833257993745008,
    "name": "121 Chemin du Manival",
    "postCode": "38397",
    "city": "Saint-Ismier"
  },
  {
    "lat": 45.16011703576769,
    "lng": 5.723518536775412,
    "name": "30 Rue Aimé Pupin",
    "postCode": "38185",
    "city": "Grenoble"
  },
  {
    "lat": 45.13047227920805,
    "lng": 5.673794454424383,
    "name": "4bis Chemin du Fournel",
    "postCode": "38111",
    "city": "Claix"
  },
  {
    "lat": 45.24464865633667,
    "lng": 5.883155923044027,
    "name": "Forum Jacques Brel",
    "postCode": "38547",
    "city": "Villard-Bonnot"
  },
  {
    "lat": 45.25305315196248,
    "lng": 5.8939927044695475,
    "name": "51 Allée des Ancolies",
    "postCode": "38547",
    "city": "Villard-Bonnot"
  },
  {
    "lat": 45.21956153755702,
    "lng": 5.810895515908788,
    "name": "856 Impasse de l’Etoile",
    "postCode": "38249",
    "city": "Montbonnot-Saint-Martin"
  },
  {
    "lat": 45.2690321194306,
    "lng": 5.87378933681261,
    "name": "15 impasse des Grandes Terres",
    "postCode": "38039",
    "city": "Bernin"
  },
  {
    "lat": 45.23965676371459,
    "lng": 5.679064342466282,
    "name": "22 rue de l'Ancienne Brasserie",
    "postCode": "38382",
    "city": "Saint-Égrève"
  },
  {
    "lat": 45.19543639696661,
    "lng": 5.676492418374245,
    "name": "67 Rue Joseph Bertoin",
    "postCode": "38169",
    "city": "Fontaine"
  },
  {
    "lat": 45.13020876940082,
    "lng": 5.776572449914443,
    "name": "2201 Route Napoléon",
    "postCode": "38059",
    "city": "Brié-et-Angonnes"
  },
  {
    "lat": 45.21570133898535,
    "lng": 5.649928192989174,
    "name": "4 Rue des Eglantiers",
    "postCode": "38474",
    "city": "Sassenage"
  },
  {
    "lat": 45.276341444633005,
    "lng": 5.612507924562883,
    "name": "2 Impasse du Solet",
    "postCode": "38540",
    "city": "Veurey-Voroize"
  },
  {
    "lat": 45.245342392491644,
    "lng": 5.635559229168425,
    "name": "283 Route de la Vanne",
    "postCode": "38281",
    "city": "Noyarey"
  },
  {
    "lat": 45.17617643003333,
    "lng": 5.72358771963142,
    "name": "35 Rue Léo Lagrange",
    "postCode": "38185",
    "city": "Grenoble"
  },
  {
    "lat": 45.103573618748186,
    "lng": 5.751009952311552,
    "name": "282c Chemin de Maupertuis",
    "postCode": "38200",
    "city": "Jarrie"
  },
  {
    "lat": 45.24885514838011,
    "lng": 5.816586224711418,
    "name": "163 Allée du Saint Eynard",
    "postCode": "38397",
    "city": "Saint-Ismier"
  },
  {
    "lat": 45.13748121858689,
    "lng": 5.763500873661207,
    "name": "725 Route de Montavie",
    "postCode": "38059",
    "city": "Brié-et-Angonnes"
  },
  {
    "lat": 45.211744054603614,
    "lng": 5.70754818236355,
    "name": "1842 Route de Narbonne",
    "postCode": "38423",
    "city": "Saint-Martin-le-Vinoux"
  },
  {
    "lat": 45.25399389193585,
    "lng": 5.74348094193245,
    "name": "3372 Route de Sarcenas",
    "postCode": "38328",
    "city": "Quaix-en-Chartreuse"
  },
  {
    "lat": 45.221428493214404,
    "lng": 5.7844894724581755,
    "name": "7ter Chemin de la Ville",
    "postCode": "38229",
    "city": "Meylan"
  },
  {
    "lat": 45.297391477080986,
    "lng": 5.641568863538812,
    "name": "487 Route de Racin",
    "postCode": "38565",
    "city": "Voreppe"
  },
  {
    "lat": 45.17881491550557,
    "lng": 5.634895470720672,
    "name": "837 Route de Rochetière",
    "postCode": "38433",
    "city": "Saint-Nizier-du-Moucherotte"
  },
  {
    "lat": 45.12486022348107,
    "lng": 5.702199179003816,
    "name": "Le Pont-de-Claix",
    "postCode": "38317",
    "city": "Le Pont-de-Claix"
  },
  {
    "lat": 45.14704806777549,
    "lng": 5.713895159426278,
    "name": "1 Allée Abel Gance",
    "postCode": "38151",
    "city": "Échirolles"
  },
  {
    "lat": 45.17687664650691,
    "lng": 5.6420714813532475,
    "name": "35 Chemin des Clapieres",
    "postCode": "38433",
    "city": "Saint-Nizier-du-Moucherotte"
  },
  {
    "lat": 45.263794109872684,
    "lng": 5.861493368141474,
    "name": "9 impasse Bel Horizon",
    "postCode": "38039",
    "city": "Bernin"
  },
  {
    "lat": 45.10746941605053,
    "lng": 5.878480324746875,
    "name": "310 Avenue du Pere Tasse",
    "postCode": "38567",
    "city": "Chamrousse"
  },
  {
    "lat": 45.26729471455879,
    "lng": 5.651230025409616,
    "name": "266 Chemin de La Bascule",
    "postCode": "38565",
    "city": "Voreppe"
  },
  {
    "lat": 45.278287329103684,
    "lng": 5.630954867021217,
    "name": "630 Chemin de Beauplan",
    "postCode": "38565",
    "city": "Voreppe"
  },
  {
    "lat": 45.279129628725194,
    "lng": 5.720589414568554,
    "name": "1704 Route de Planfay",
    "postCode": "38325",
    "city": "Proveysieux"
  },
  {
    "lat": 45.146914101712504,
    "lng": 5.861944783623531,
    "name": "5000 Route de Chamrousse",
    "postCode": "38422",
    "city": "Saint-Martin-d'Uriage"
  },
  {
    "lat": 45.17964766588733,
    "lng": 5.851722984534096,
    "name": "1301 Route de la Perérée",
    "postCode": "38422",
    "city": "Saint-Martin-d'Uriage"
  },
  {
    "lat": 45.13118204391015,
    "lng": 5.647627926319749,
    "name": "81 Route du Peuil",
    "postCode": "38111",
    "city": "Claix"
  },
  {
    "lat": 45.152464647616625,
    "lng": 5.793254153512349,
    "name": "2901 Route de la Cote",
    "postCode": "38188",
    "city": "Herbeys"
  },
  {
    "lat": 45.21928304014325,
    "lng": 5.6770875210886595,
    "name": "8 rue des glairaux",
    "postCode": "38382",
    "city": "Saint-Égrève"
  },
  {
    "lat": 45.20823171376825,
    "lng": 5.830479482008876,
    "name": "70bis Allée de la Fraternité",
    "postCode": "38150",
    "city": "Domène"
  },
  {
    "lat": 45.189617567652625,
    "lng": 5.742492400357816,
    "name": "Pont de la Porte de Savoie",
    "postCode": "38185",
    "city": "Grenoble"
  },
  {
    "lat": 45.16757139706252,
    "lng": 5.808452309628537,
    "name": "260 Chemin de Cul-froid le Bas",
    "postCode": "38533",
    "city": "Venon"
  },
  {
    "lat": 45.24303860334117,
    "lng": 5.8181333567382545,
    "name": "430 Chemin de Corbonne",
    "postCode": "38397",
    "city": "Saint-Ismier"
  },
  {
    "lat": 45.25042098367286,
    "lng": 5.895065595587196,
    "name": "387ter Chemin du Berlioz",
    "postCode": "38547",
    "city": "Villard-Bonnot"
  },
  {
    "lat": 45.19033505396328,
    "lng": 5.888388198998114,
    "name": "325b Route des Geymonds",
    "postCode": "38334",
    "city": "Revel"
  },
  {
    "lat": 45.18703409486244,
    "lng": 5.7451745267567595,
    "name": "17 Chemin Joseph Brun",
    "postCode": "38185",
    "city": "Grenoble"
  },
  {
    "lat": 45.253066234992836,
    "lng": 5.699462782893038,
    "name": "252 Chemin des Vignes",
    "postCode": "38328",
    "city": "Quaix-en-Chartreuse"
  },
  {
    "lat": 45.19399494762868,
    "lng": 5.698484445259578,
    "name": "16 Rue Doyen Gosse",
    "postCode": "38169",
    "city": "Fontaine"
  },
  {
    "lat": 45.26875123819318,
    "lng": 5.890599353813962,
    "name": "71 Chemin du Rafour",
    "postCode": "38140",
    "city": "Crolles"
  },
  {
    "lat": 45.181712102855485,
    "lng": 5.622121676718155,
    "name": "670 Route des Ayettes",
    "postCode": "38153",
    "city": "Engins"
  },
  {
    "lat": 45.18416465203488,
    "lng": 5.803240539010107,
    "name": "36 Rue de la Fontaine",
    "postCode": "38179",
    "city": "Gières"
  },
  {
    "lat": 45.15544907023829,
    "lng": 5.794027671295987,
    "name": "3733 Route de la Cote",
    "postCode": "38188",
    "city": "Herbeys"
  },
  {
    "lat": 45.1924682123209,
    "lng": 5.864887117648734,
    "name": "410 Route des Contamines",
    "postCode": "38334",
    "city": "Revel"
  },
  {
    "lat": 45.15459020247994,
    "lng": 5.7029521811876975,
    "name": "15 Allée Maurice Ravel",
    "postCode": "38151",
    "city": "Échirolles"
  },
  {
    "lat": 45.24445227467657,
    "lng": 5.8479881075346185,
    "name": "222 Chemin du Moulin",
    "postCode": "38431",
    "city": "Saint-Nazaire-les-Eymes"
  },
  {
    "lat": 45.196788993089044,
    "lng": 5.815697951762774,
    "name": "Chemin des Bergeronnettes",
    "postCode": "38150",
    "city": "Domène"
  },
  {
    "lat": 45.273984333625705,
    "lng": 5.65342924554146,
    "name": "104 Rue Marcel Pagnol",
    "postCode": "38565",
    "city": "Voreppe"
  },
  {
    "lat": 45.117269894713225,
    "lng": 5.833847119028448,
    "name": "4326 Route de Prémol",
    "postCode": "38529",
    "city": "Vaulnaveys-le-Haut"
  },
  {
    "lat": 45.17068676715449,
    "lng": 5.790095875233733,
    "name": "64 Avenue de la Combe",
    "postCode": "38179",
    "city": "Gières"
  },
  {
    "lat": 45.26539670042435,
    "lng": 5.638745436750768,
    "name": "161 Chemin des Mativières",
    "postCode": "38565",
    "city": "Voreppe"
  },
  {
    "lat": 45.14410050501603,
    "lng": 5.677391931748102,
    "name": "2 Chemin de Comboire",
    "postCode": "38111",
    "city": "Claix"
  },
  {
    "lat": 45.13466008493001,
    "lng": 5.603100057065189,
    "name": "34 impasse de Sornin",
    "postCode": "38205",
    "city": "Lans-en-Vercors"
  },
  {
    "lat": 45.172723065428364,
    "lng": 5.821143744879928,
    "name": "92 Chemin des Prés",
    "postCode": "38533",
    "city": "Venon"
  },
  {
    "lat": 45.1991589993453,
    "lng": 5.855333312944898,
    "name": "1936 Route de la Tour",
    "postCode": "38334",
    "city": "Revel"
  },
  {
    "lat": 45.16489197567514,
    "lng": 5.6937689542459315,
    "name": "26bis Rue Henri Dunant",
    "postCode": "38486",
    "city": "Seyssins"
  },
  {
    "lat": 45.26291061683343,
    "lng": 5.653956013542695,
    "name": "9 Allée des Boutons D'Or",
    "postCode": "38565",
    "city": "Voreppe"
  },
  {
    "lat": 45.19960072738113,
    "lng": 5.837682006176007,
    "name": "73a Rue Jean Jaurès",
    "postCode": "38150",
    "city": "Domène"
  },
  {
    "lat": 45.23005699174088,
    "lng": 5.827227873366741,
    "name": "1020 Chemin des Semaises",
    "postCode": "38397",
    "city": "Saint-Ismier"
  },
  {
    "lat": 45.14684994396518,
    "lng": 5.710371619583221,
    "name": "43 Rue Pierre Sémard",
    "postCode": "38151",
    "city": "Échirolles"
  },
  {
    "lat": 45.1790151022524,
    "lng": 5.615067843466286,
    "name": "1194 Route Joseph Coynel",
    "postCode": "38153",
    "city": "Engins"
  },
  {
    "lat": 45.177941877438265,
    "lng": 5.611112243251914,
    "name": "1710 Route Joseph Coynel",
    "postCode": "38153",
    "city": "Engins"
  },
  {
    "lat": 45.140356047271325,
    "lng": 5.791972511821003,
    "name": "105 Route de la Cote",
    "postCode": "38188",
    "city": "Herbeys"
  },
  {
    "lat": 45.27316225374892,
    "lng": 5.8947128459299805,
    "name": "129 Rue Henri Fabre",
    "postCode": "38140",
    "city": "Crolles"
  },
  {
    "lat": 45.14917273241363,
    "lng": 5.794797418361745,
    "name": "74 Chemin du Hameau de la Cote",
    "postCode": "38188",
    "city": "Herbeys"
  },
  {
    "lat": 45.180975200429096,
    "lng": 5.714550398923885,
    "name": "8 Rue Charles Lory",
    "postCode": "38185",
    "city": "Grenoble"
  },
  {
    "lat": 45.121307160922285,
    "lng": 5.773622575341293,
    "name": "500b Chemin des Grangeaux",
    "postCode": "38059",
    "city": "Brié-et-Angonnes"
  },
  {
    "lat": 45.162376893029816,
    "lng": 5.742635490408721,
    "name": "24 Rue Cure Bourse",
    "postCode": "38158",
    "city": "Eybens"
  },
  {
    "lat": 45.13205629669072,
    "lng": 5.604910159964699,
    "name": "135 Chemin du Tremplin",
    "postCode": "38205",
    "city": "Lans-en-Vercors"
  },
  {
    "lat": 45.25416827408544,
    "lng": 5.843306824957657,
    "name": "425 Chemin du Cerf",
    "postCode": "38431",
    "city": "Saint-Nazaire-les-Eymes"
  },
  {
    "lat": 45.260346783068925,
    "lng": 5.726869331628238,
    "name": "Route de la Mearie",
    "postCode": "38328",
    "city": "Quaix-en-Chartreuse"
  },
  {
    "lat": 45.17034824443778,
    "lng": 5.771665404643111,
    "name": "62 Route des Maquis",
    "postCode": "38421",
    "city": "Saint-Martin-d'Hères"
  },
  {
    "lat": 45.10377794885497,
    "lng": 5.801511243994591,
    "name": "92 Allée du Gorgot",
    "postCode": "38528",
    "city": "Vaulnaveys-le-Bas"
  },
  {
    "lat": 45.15848617067959,
    "lng": 5.728922360751055,
    "name": "34ter Avenue Marie Reynoard",
    "postCode": "38185",
    "city": "Grenoble"
  },
  {
    "lat": 45.265938799339345,
    "lng": 5.637407545028264,
    "name": "206 Chemin des Mativières",
    "postCode": "38565",
    "city": "Voreppe"
  },
  {
    "lat": 45.17074255803874,
    "lng": 5.824600296519199,
    "name": "100 Chemin de la Besse",
    "postCode": "38533",
    "city": "Venon"
  },
  {
    "lat": 45.264533437556516,
    "lng": 5.865155363098397,
    "name": "533 Chemin du Vivier",
    "postCode": "38039",
    "city": "Bernin"
  },
  {
    "lat": 45.1359592794118,
    "lng": 5.797272017213988,
    "name": "271 Chemin de Rabit",
    "postCode": "38188",
    "city": "Herbeys"
  },
  {
    "lat": 45.24301659485768,
    "lng": 5.665128175666753,
    "name": "16 Rue Louis Besançon",
    "postCode": "38382",
    "city": "Saint-Égrève"
  },
  {
    "lat": 45.108869106131046,
    "lng": 5.802333275866314,
    "name": "1512 Promenade de la Lavée",
    "postCode": "38528",
    "city": "Vaulnaveys-le-Bas"
  },
  {
    "lat": 45.19391261869207,
    "lng": 5.738960569309089,
    "name": "21 Rue du Souvenir",
    "postCode": "38185",
    "city": "Grenoble"
  },
  {
    "lat": 45.207594757334434,
    "lng": 5.705186757600334,
    "name": "36 Avenue Général Leclerc",
    "postCode": "38423",
    "city": "Saint-Martin-le-Vinoux"
  },
  {
    "lat": 45.21957618994535,
    "lng": 5.8140218068735185,
    "name": "830 Chemin de la Croix Verte",
    "postCode": "38249",
    "city": "Montbonnot-Saint-Martin"
  },
  {
    "lat": 45.13736975032417,
    "lng": 5.751790270626164,
    "name": "Rue de l’Eglise",
    "postCode": "38057",
    "city": "Bresson"
  },
  {
    "lat": 45.12534968257159,
    "lng": 5.787823440792911,
    "name": "62 Chemin des Trouillons",
    "postCode": "38059",
    "city": "Brié-et-Angonnes"
  },
  {
    "lat": 45.29344757876984,
    "lng": 5.857619006069933,
    "name": "517 Route du Tournoud",
    "postCode": "38395",
    "city": "Plateau-des-Petites-Roches"
  },
  {
    "lat": 45.15757720046749,
    "lng": 5.7070181697315325,
    "name": "40B Rue Ambroise Croizat",
    "postCode": "38151",
    "city": "Échirolles"
  },
  {
    "lat": 45.10068181740305,
    "lng": 5.880550505138141,
    "name": "1380 Route de Bachat-bouloud",
    "postCode": "38567",
    "city": "Chamrousse"
  },
  {
    "lat": 45.17088724264666,
    "lng": 5.781637462271053,
    "name": "138 Route des Maquis",
    "postCode": "38421",
    "city": "Saint-Martin-d'Hères"
  },
  {
    "lat": 45.15391819414183,
    "lng": 5.742962355161398,
    "name": "32 Rue des Grands Champs",
    "postCode": "38158",
    "city": "Eybens"
  },
  {
    "lat": 45.216152500969926,
    "lng": 5.7482274557515565,
    "name": "Parc du Gorget",
    "postCode": "38516",
    "city": "La Tronche"
  },
  {
    "lat": 45.198048363190026,
    "lng": 5.869222763593042,
    "name": "3455 Route du Balcon de Belledonne",
    "postCode": "38334",
    "city": "Revel"
  },
  {
    "lat": 45.245744283934464,
    "lng": 5.6465119069733944,
    "name": "1164 Route de la Vanne",
    "postCode": "38281",
    "city": "Noyarey"
  },
  {
    "lat": 45.2262109095661,
    "lng": 5.656384316889219,
    "name": "60 Chemin des Moironds",
    "postCode": "38474",
    "city": "Sassenage"
  },
  {
    "lat": 45.29768830700568,
    "lng": 5.635812874655512,
    "name": "30 Rue du Port",
    "postCode": "38565",
    "city": "Voreppe"
  },
  {
    "lat": 45.18118625233207,
    "lng": 5.6198240500215,
    "name": "1363 Route de Pierrelat",
    "postCode": "38153",
    "city": "Engins"
  },
  {
    "lat": 45.133312070030826,
    "lng": 5.672649343655321,
    "name": "6 Route de Comboire",
    "postCode": "38111",
    "city": "Claix"
  },
  {
    "lat": 45.222269236190776,
    "lng": 5.871933158877403,
    "name": "198 Route de Chambéry",
    "postCode": "38538",
    "city": "Le Versoud"
  },
  {
    "lat": 45.1701131121922,
    "lng": 5.877843254331779,
    "name": "322 Chemin des Ronzerettes",
    "postCode": "38422",
    "city": "Saint-Martin-d'Uriage"
  },
  {
    "lat": 45.2596720877132,
    "lng": 5.725594278963702,
    "name": "Route de la Mearie",
    "postCode": "38328",
    "city": "Quaix-en-Chartreuse"
  },
  {
    "lat": 45.18043812596849,
    "lng": 5.872093489478438,
    "name": "32 Route des Eaux",
    "postCode": "38334",
    "city": "Revel"
  },
  {
    "lat": 45.14100464165627,
    "lng": 5.829154588620368,
    "name": "320 Avenue des Thermes",
    "postCode": "38422",
    "city": "Saint-Martin-d'Uriage"
  },
  {
    "lat": 45.13921919955379,
    "lng": 5.7151287376296285,
    "name": "Rue Galilée",
    "postCode": "38151",
    "city": "Échirolles"
  },
  {
    "lat": 45.222695200977746,
    "lng": 5.677193323091207,
    "name": "5 Rue Fernand Forest",
    "postCode": "38382",
    "city": "Saint-Égrève"
  },
  {
    "lat": 45.2285748255194,
    "lng": 5.658470151541182,
    "name": "1 Chemin du 13 Juin 1944",
    "postCode": "38474",
    "city": "Sassenage"
  },
  {
    "lat": 45.17413580789941,
    "lng": 5.691945286043277,
    "name": "24 Rue Georges Maeder",
    "postCode": "38485",
    "city": "Seyssinet-Pariset"
  }
]