[
  {
    "lat": 45.14679873902989,
    "lng": 5.742530113129635,
    "name": "2 Square Linné",
    "postCode": "38158",
    "city": "Eybens"
  },
  {
    "lat": 45.2241407540461,
    "lng": 5.762164506750049,
    "name": "30 Route de Chartreuse",
    "postCode": "38126",
    "city": "Corenc"
  },
  {
    "lat": 45.21425336280219,
    "lng": 5.749237806794807,
    "name": "2b Chemin de la Croix Montfleury",
    "postCode": "38126",
    "city": "Corenc"
  },
  {
    "lat": 45.177059466346684,
    "lng": 5.806582385693494,
    "name": "181 Chemin de Côte-belle",
    "postCode": "38533",
    "city": "Venon"
  },
  {
    "lat": 45.17516925458712,
    "lng": 5.81485423944362,
    "name": "265 Chemin de Combeloup",
    "postCode": "38533",
    "city": "Venon"
  },
  {
    "lat": 45.189880904166934,
    "lng": 5.636672757903012,
    "name": "1881 Route de Rochetière",
    "postCode": "38433",
    "city": "Saint-Nizier-du-Moucherotte"
  },
  {
    "lat": 45.13750426355712,
    "lng": 5.726575597648175,
    "name": "Lieu-Dit la Savoyarde",
    "postCode": "38151",
    "city": "Échirolles"
  },
  {
    "lat": 45.122696825764365,
    "lng": 5.691356525893125,
    "name": "14 Rue du Drac",
    "postCode": "38111",
    "city": "Claix"
  },
  {
    "lat": 45.20842136834987,
    "lng": 5.761006416027134,
    "name": "16 Rue Champ Rochas",
    "postCode": "38229",
    "city": "Meylan"
  },
  {
    "lat": 45.139761019194296,
    "lng": 5.827206400030295,
    "name": "29a Route de Villeneuve",
    "postCode": "38422",
    "city": "Saint-Martin-d'Uriage"
  },
  {
    "lat": 45.1024000305649,
    "lng": 5.846708886500313,
    "name": "9704 Route de Prémol",
    "postCode": "38529",
    "city": "Vaulnaveys-le-Haut"
  },
  {
    "lat": 45.15938059327972,
    "lng": 5.840601290440567,
    "name": "60 Chemin de la Prolée",
    "postCode": "38422",
    "city": "Saint-Martin-d'Uriage"
  },
  {
    "lat": 45.28330850257035,
    "lng": 5.650402813693056,
    "name": "72 Allée de La Cheminée Morin",
    "postCode": "38565",
    "city": "Voreppe"
  },
  {
    "lat": 45.27742137194408,
    "lng": 5.614500936612224,
    "name": "2 Lotissement le Belvédère",
    "postCode": "38540",
    "city": "Veurey-Voroize"
  },
  {
    "lat": 45.246217564576305,
    "lng": 5.626433052699238,
    "name": "165d Rue du 19 Mars 1962",
    "postCode": "38281",
    "city": "Noyarey"
  },
  {
    "lat": 45.11684993513714,
    "lng": 5.87924639365049,
    "name": "1179 Route de la Croisette",
    "postCode": "38567",
    "city": "Chamrousse"
  },
  {
    "lat": 45.13106375981705,
    "lng": 5.685040751451507,
    "name": "22bis Rue de la Balme",
    "postCode": "38111",
    "city": "Claix"
  },
  {
    "lat": 45.13559408343824,
    "lng": 5.607954614119666,
    "name": "144 Chemin de la Chenevarie",
    "postCode": "38205",
    "city": "Lans-en-Vercors"
  },
  {
    "lat": 45.11727175725472,
    "lng": 5.683221335111188,
    "name": "8 Impasse de l'Etang",
    "postCode": "38111",
    "city": "Claix"
  },
  {
    "lat": 45.23974331984754,
    "lng": 5.825321842465849,
    "name": "193 Chemin de Charvinière",
    "postCode": "38397",
    "city": "Saint-Ismier"
  },
  {
    "lat": 45.21170053778079,
    "lng": 5.7508345930477445,
    "name": "21 Pajon",
    "postCode": "38126",
    "city": "Corenc"
  },
  {
    "lat": 45.135912928328175,
    "lng": 5.697863152798872,
    "name": "23 Avenue Victor Hugo",
    "postCode": "38317",
    "city": "Le Pont-de-Claix"
  },
  {
    "lat": 45.195611958048076,
    "lng": 5.829225781987798,
    "name": "6 rue du Beaulieu",
    "postCode": "38150",
    "city": "Domène"
  },
  {
    "lat": 45.1828177196119,
    "lng": 5.777263987520411,
    "name": "150 Avenue Gabriel Peri",
    "postCode": "38421",
    "city": "Saint-Martin-d'Hères"
  },
  {
    "lat": 45.267945347139296,
    "lng": 5.651137822782878,
    "name": "Chemin de La Bascule",
    "postCode": "38565",
    "city": "Voreppe"
  },
  {
    "lat": 45.1785872870706,
    "lng": 5.714257819031103,
    "name": "9 Rue Charles Péguy",
    "postCode": "38185",
    "city": "Grenoble"
  },
  {
    "lat": 45.23270562622983,
    "lng": 5.814729264419603,
    "name": "155 Impasse des Papillons",
    "postCode": "38249",
    "city": "Montbonnot-Saint-Martin"
  },
  {
    "lat": 45.111073309235614,
    "lng": 5.7821149910019445,
    "name": "219 Chemin des Hache",
    "postCode": "38059",
    "city": "Brié-et-Angonnes"
  },
  {
    "lat": 45.20058592325267,
    "lng": 5.868228191776747,
    "name": "3737 Route du Balcon de Belledonne",
    "postCode": "38334",
    "city": "Revel"
  },
  {
    "lat": 45.11921653826989,
    "lng": 5.695125624021462,
    "name": "1 Rue des Sources",
    "postCode": "38111",
    "city": "Claix"
  },
  {
    "lat": 45.16319924386732,
    "lng": 5.705224867576113,
    "name": "Parc des Champs Elysées",
    "postCode": "38185",
    "city": "Grenoble"
  },
  {
    "lat": 45.16648237449873,
    "lng": 5.823224945095069,
    "name": "Chemin du Réservoir",
    "postCode": "38533",
    "city": "Venon"
  },
  {
    "lat": 45.10939380809318,
    "lng": 5.874934624174272,
    "name": "167 Rue des Essendolles",
    "postCode": "38567",
    "city": "Chamrousse"
  },
  {
    "lat": 45.287645008527484,
    "lng": 5.649208945856303,
    "name": "188 Allée des Fougères",
    "postCode": "38565",
    "city": "Voreppe"
  },
  {
    "lat": 45.1144306189704,
    "lng": 5.813878052406502,
    "name": "Chemin de la Croix de Maître",
    "postCode": "38529",
    "city": "Vaulnaveys-le-Haut"
  },
  {
    "lat": 45.15085267712622,
    "lng": 5.7403908985739385,
    "name": "2 Rue Lazare Carnot",
    "postCode": "38158",
    "city": "Eybens"
  },
  {
    "lat": 45.262397949348866,
    "lng": 5.623610799966157,
    "name": "280 Route de Valence",
    "postCode": "38540",
    "city": "Veurey-Voroize"
  },
  {
    "lat": 45.21865463597617,
    "lng": 5.762522197320965,
    "name": "133 Route de Chartreuse",
    "postCode": "38126",
    "city": "Corenc"
  },
  {
    "lat": 45.143800484323634,
    "lng": 5.853039561506246,
    "name": "339 Chemin du Quartonier",
    "postCode": "38422",
    "city": "Saint-Martin-d'Uriage"
  },
  {
    "lat": 45.17185273805068,
    "lng": 5.782960581400788,
    "name": "153 Route des Maquis",
    "postCode": "38179",
    "city": "Gières"
  },
  {
    "lat": 45.20659355345745,
    "lng": 5.777196963823227,
    "name": "13 Allée des Eyminées",
    "postCode": "38229",
    "city": "Meylan"
  },
  {
    "lat": 45.22477870641637,
    "lng": 5.8771320194502055,
    "name": "251 Rue Lamartine",
    "postCode": "38538",
    "city": "Le Versoud"
  },
  {
    "lat": 45.27655239089697,
    "lng": 5.877182829799281,
    "name": "421 Rue Hector Berlioz",
    "postCode": "38140",
    "city": "Crolles"
  },
  {
    "lat": 45.18524006049206,
    "lng": 5.816971689014036,
    "name": "Chemin des Jacques",
    "postCode": "38271",
    "city": "Murianette"
  },
  {
    "lat": 45.22483723636262,
    "lng": 5.779638437959111,
    "name": "7 Chemin Clos Buisson",
    "postCode": "38229",
    "city": "Meylan"
  },
  {
    "lat": 45.172457824204734,
    "lng": 5.7421334416150955,
    "name": "35 Rue Georges de Manteyer",
    "postCode": "38185",
    "city": "Grenoble"
  },
  {
    "lat": 45.20435515428267,
    "lng": 5.825822124510472,
    "name": "81 Avenue Aristide Berges",
    "postCode": "38150",
    "city": "Domène"
  },
  {
    "lat": 45.2111257500251,
    "lng": 5.772274398943791,
    "name": "10c Avenue de Verdun",
    "postCode": "38229",
    "city": "Meylan"
  },
  {
    "lat": 45.13888560645897,
    "lng": 5.704368399191655,
    "name": "21 Rue Stanislas Dwojakowski",
    "postCode": "38317",
    "city": "Le Pont-de-Claix"
  },
  {
    "lat": 45.20480267693199,
    "lng": 5.778469633856659,
    "name": "53 Boulevard des Alpes",
    "postCode": "38229",
    "city": "Meylan"
  },
  {
    "lat": 45.18356977913847,
    "lng": 5.891674643063557,
    "name": "741 Route des Molettes",
    "postCode": "38334",
    "city": "Revel"
  },
  {
    "lat": 45.1411838631343,
    "lng": 5.7951556927968415,
    "name": "313 Route d'Uriage",
    "postCode": "38188",
    "city": "Herbeys"
  },
  {
    "lat": 45.26569931648099,
    "lng": 5.870133932563798,
    "name": "44 Chemin des Coralines",
    "postCode": "38039",
    "city": "Bernin"
  },
  {
    "lat": 45.26198655514875,
    "lng": 5.840504500133957,
    "name": "54 Chemin de Bel Air",
    "postCode": "38431",
    "city": "Saint-Nazaire-les-Eymes"
  },
  {
    "lat": 45.14464913059606,
    "lng": 5.8592920627080165,
    "name": "201 Chemin des Sources",
    "postCode": "38422",
    "city": "Saint-Martin-d'Uriage"
  },
  {
    "lat": 45.20212024146883,
    "lng": 5.675864077445794,
    "name": "20 Rue de l'Argentière",
    "postCode": "38169",
    "city": "Fontaine"
  },
  {
    "lat": 45.20434576794146,
    "lng": 5.627120104009471,
    "name": "486 Route de Laliarey",
    "postCode": "38153",
    "city": "Engins"
  },
  {
    "lat": 45.244302495209375,
    "lng": 5.892576094269756,
    "name": "Rue des Chênes",
    "postCode": "38547",
    "city": "Villard-Bonnot"
  },
  {
    "lat": 45.148099566485676,
    "lng": 5.83365853180955,
    "name": "692 Rue Fleurs et Neige",
    "postCode": "38422",
    "city": "Saint-Martin-d'Uriage"
  },
  {
    "lat": 45.20623002109042,
    "lng": 5.702254944120775,
    "name": "1 Rue Jules Horowitz",
    "postCode": "38185",
    "city": "Grenoble"
  },
  {
    "lat": 45.18232351750078,
    "lng": 5.764298091011145,
    "name": "1 Rue Paul Blanc",
    "postCode": "38421",
    "city": "Saint-Martin-d'Hères"
  },
  {
    "lat": 45.10067702940817,
    "lng": 5.825947085242644,
    "name": "27 Chemin de l’Oeilly",
    "postCode": "38528",
    "city": "Vaulnaveys-le-Bas"
  },
  {
    "lat": 45.18597726830102,
    "lng": 5.78482838302225,
    "name": "2 Allée de Combeloup",
    "postCode": "38179",
    "city": "Gières"
  },
  {
    "lat": 45.14814464879261,
    "lng": 5.689596503709667,
    "name": "2 Impasse du Rocher",
    "postCode": "38151",
    "city": "Échirolles"
  },
  {
    "lat": 45.18715554766662,
    "lng": 5.637291359539245,
    "name": "1898 Route de Rochetière",
    "postCode": "38433",
    "city": "Saint-Nizier-du-Moucherotte"
  },
  {
    "lat": 45.21790988089688,
    "lng": 5.7467854253056005,
    "name": "20 Ham de Maubec",
    "postCode": "38516",
    "city": "La Tronche"
  },
  {
    "lat": 45.16570438045001,
    "lng": 5.703736716209782,
    "name": "Stade Bachelard",
    "postCode": "38185",
    "city": "Grenoble"
  },
  {
    "lat": 45.117327384571084,
    "lng": 5.65682918536453,
    "name": "60 Chemin de la Côte",
    "postCode": "38111",
    "city": "Claix"
  },
  {
    "lat": 45.192194310884894,
    "lng": 5.734550008743286,
    "name": "50bis Rue Très-Cloîtres",
    "postCode": "38185",
    "city": "Grenoble"
  },
  {
    "lat": 45.28028794366855,
    "lng": 5.882611493340819,
    "name": "Rue Léo Lagrange",
    "postCode": "38140",
    "city": "Crolles"
  },
  {
    "lat": 45.16240376732157,
    "lng": 5.726308300755204,
    "name": "5 Place Lionel Terray",
    "postCode": "38185",
    "city": "Grenoble"
  },
  {
    "lat": 45.179762568901275,
    "lng": 5.747157913550703,
    "name": "27 Avenue Washington",
    "postCode": "38185",
    "city": "Grenoble"
  },
  {
    "lat": 45.1276021699779,
    "lng": 5.663138044639302,
    "name": "32 Chemin de la Côte",
    "postCode": "38111",
    "city": "Claix"
  },
  {
    "lat": 45.29914231713806,
    "lng": 5.87042059475549,
    "name": "715 Chemin du Vieux Frêne",
    "postCode": "38395",
    "city": "Plateau-des-Petites-Roches"
  },
  {
    "lat": 45.179263327491384,
    "lng": 5.870848995536453,
    "name": "32 Route des Eaux",
    "postCode": "38334",
    "city": "Revel"
  },
  {
    "lat": 45.14180151409575,
    "lng": 5.713669945816557,
    "name": "9B Rue Léo Lagrange",
    "postCode": "38151",
    "city": "Échirolles"
  },
  {
    "lat": 45.173001271174385,
    "lng": 5.783582656091892,
    "name": "10 Chemin du Fort",
    "postCode": "38179",
    "city": "Gières"
  },
  {
    "lat": 45.139256121500516,
    "lng": 5.663637907633115,
    "name": "36 Route du Peuil",
    "postCode": "38111",
    "city": "Claix"
  },
  {
    "lat": 45.15596963046382,
    "lng": 5.8327777071249765,
    "name": "1399 Route de la Rivoire",
    "postCode": "38422",
    "city": "Saint-Martin-d'Uriage"
  },
  {
    "lat": 45.28620041758717,
    "lng": 5.635913210591858,
    "name": "150 Allée de La Chênaie",
    "postCode": "38565",
    "city": "Voreppe"
  },
  {
    "lat": 45.22896744099385,
    "lng": 5.729886473592002,
    "name": "861 Chemin de Serlin",
    "postCode": "38423",
    "city": "Saint-Martin-le-Vinoux"
  },
  {
    "lat": 45.12913295369647,
    "lng": 5.796436832547502,
    "name": "108 Chemin des Routoirs",
    "postCode": "38188",
    "city": "Herbeys"
  },
  {
    "lat": 45.208207029857,
    "lng": 5.897038826906672,
    "name": "169 Chemin du Bourguillon",
    "postCode": "38120",
    "city": "La Combe-de-Lancey"
  },
  {
    "lat": 45.27765051280639,
    "lng": 5.8592161545685535,
    "name": "1030 Chemin de Craponoz",
    "postCode": "38039",
    "city": "Bernin"
  },
  {
    "lat": 45.18638397201665,
    "lng": 5.877155215077626,
    "name": "45 Route du Merger",
    "postCode": "38334",
    "city": "Revel"
  },
  {
    "lat": 45.17370629105171,
    "lng": 5.767757041347383,
    "name": "8 Rue des Saules",
    "postCode": "38421",
    "city": "Saint-Martin-d'Hères"
  },
  {
    "lat": 45.25013096335565,
    "lng": 5.844688966984662,
    "name": "860 Chemin de la Touvière",
    "postCode": "38431",
    "city": "Saint-Nazaire-les-Eymes"
  },
  {
    "lat": 45.27752218651359,
    "lng": 5.887706198506137,
    "name": "257 Allée des Chantournes",
    "postCode": "38140",
    "city": "Crolles"
  },
  {
    "lat": 45.25653973384234,
    "lng": 5.77974903382963,
    "name": "Impasse de Pré Martin",
    "postCode": "38471",
    "city": "Le Sappey-en-Chartreuse"
  },
  {
    "lat": 45.21392530826227,
    "lng": 5.8314368399467025,
    "name": "587 Route du Bois Français",
    "postCode": "38249",
    "city": "Montbonnot-Saint-Martin"
  },
  {
    "lat": 45.165838339165134,
    "lng": 5.675594077629469,
    "name": "5 Route de Saint-Nizier",
    "postCode": "38485",
    "city": "Seyssinet-Pariset"
  },
  {
    "lat": 45.142914298079155,
    "lng": 5.7917114327969355,
    "name": "417 Route de la Cote",
    "postCode": "38188",
    "city": "Herbeys"
  },
  {
    "lat": 45.10512360613018,
    "lng": 5.6843106220978905,
    "name": "20 Route du Pavillon",
    "postCode": "38524",
    "city": "Varces-Allières-et-Risset"
  },
  {
    "lat": 45.22536175911244,
    "lng": 5.765077392178503,
    "name": "36 Route de Chartreuse",
    "postCode": "38126",
    "city": "Corenc"
  },
  {
    "lat": 45.16895512527335,
    "lng": 5.64152589455841,
    "name": "227 Route des Michallons",
    "postCode": "38433",
    "city": "Saint-Nizier-du-Moucherotte"
  },
  {
    "lat": 45.17307727710485,
    "lng": 5.722950198190616,
    "name": "82 Rue des Alliés",
    "postCode": "38185",
    "city": "Grenoble"
  },
  {
    "lat": 45.23544062208232,
    "lng": 5.639194196788633,
    "name": "21 Chemin du Meney",
    "postCode": "38281",
    "city": "Noyarey"
  },
  {
    "lat": 45.16306063891551,
    "lng": 5.704248370448675,
    "name": "46 Rue Jean Vaujany",
    "postCode": "38185",
    "city": "Grenoble"
  },
  {
    "lat": 45.22672868016917,
    "lng": 5.878983090634472,
    "name": "2 Rue de la Lunette",
    "postCode": "38538",
    "city": "Le Versoud"
  },
  {
    "lat": 45.243197641944214,
    "lng": 5.635315471928339,
    "name": "158 Chemin des Bauches",
    "postCode": "38281",
    "city": "Noyarey"
  }
]